identifier,labels,text,en,es-CO,de,fr-CA,nl,de-CH,es-AR,en-GH
ChildSurveyIntro,child_survey,"<font face=Verdana size=4>These questions ask you about how you feel at school and some of the things you do at school. There are no right or wrong answers. Choose the answer that best describes what you think. <b><font face=Verdana size=4>No, never; Yes, some of the time; Yes, most of the time; Yes, all of the time.<br><br>The first two are for practice.","<font face=Verdana size=4>These questions ask you about how you feel at school and some of the things you do at school. There are no right or wrong answers. Choose the answer that best describes what you think. <b><font face=Verdana size=4>No, never; Yes, some of the time; Yes, most of the time; Yes, all of the time.<br><br>The first two are for practice.","<font face=Verdana size=4>Estas preguntas se refieren a cómo te sientes en la escuela y a lo que haces en la escuela. No hay respuestas correctas ni incorrectas. Elige la respuesta que más se acerque a lo que piensas. <br><b><font face=Verdana size=4> No, nunca; Sí, algunas veces; Sí, muchas veces; Sí, siempre. <br><br>Ensaya con las dos primeras preguntas cómo responder.","<font face=Verdana size=4>In diesen Fragen geht es darum, wie du dich in der Schule fühlst und was du in der Schule machst. Es gibt keine richtigen oder falschen Antworten. Wähle die Antwort, die am besten beschreibt, was du denkst.<b><font face=Verdana size=4> Nein, nie; Ja, manchmal; Ja, meistens; Ja, immer.<br><br>Die ersten beiden Fragen sind zum Üben.","<font face=Verdana size=4>Ces questions vous demandent comment vous vous sentez à l'école et certaines choses que vous faites à l'école. Il n'y a pas de bonnes ou de mauvaises réponses. Choisissez la réponse qui décrit le mieux ce que vous pensez. <b><font face=Verdana size=4>Non, jamais; Oui, quelquefois; Oui, la plupart du temps; Oui, tout le temps.<br><br>Les deux premiers sont pour la pratique.","<font face=Verdana size=4>Deze vragen gaan over hoe je je voelt op school en over dingen die je op school doet. Er zijn geen goede of foute antwoorden. Kies het antwoord dat het beste beschrijft wat je denkt. <b><font face=Verdana size=4>Nee, nooit; Ja, soms; Ja, meestal; Ja, altijd.<br><br>De eerste twee zijn voor oefening.","<font face=Verdana size=4>In diesen Fragen geht es darum, wie du dich in der Schule fühlst und was du in der Schule machst. Es gibt keine richtigen oder falschen Antworten. Wähle die Antwort, die am besten beschreibt, was du denkst.<b><font face=Verdana size=4> Nein, nie; Ja, manchmal; Ja, meistens; Ja, immer.<br><br>Die ersten beiden Fragen sind zum Üben.","<font face=Verdana size=4>Estas preguntas se refieren a cómo te sientes en la escuela y a lo que haces en la escuela. No hay respuestas correctas ni incorrectas. Elige la respuesta que más se acerque a lo que piensas. <br><b><font face=Verdana size=4> No, nunca; Sí, algunas veces; Sí, muchas veces; Sí, siempre. <br><br>Ensaya con las dos primeras preguntas cómo responder.","<font face=Verdana size=4>This pesewa ask how you dey feel for school and some things you dey do for school. No correct or wrong answers dey. Choose the answer wey fit what you dey think. <b><font face=Verdana size=4>No, never; Yes, some of the time; Yes, most of the time; Yes, all of the time.<br><br>The first two be practice."
Example1Comic,child_survey,Do you like to read comic books?,Do you like to read comic books?,¿Te gusta leer historietas (comics)?,Liest du gerne Comics?,Aimez-vous lire des bandes dessinées ?,Houd je van het lezen van stripboeken?,Liest du gerne Comics?,¿Te gusta leer historietas (comics)?,Do you like to read comic books?
Example1Comic,child_survey,"No, never","No, never","No, nunca","Nein, nie","Non, jamais","Nee, nooit","Nein, nie","No, nunca","No, never"
Example1Comic,child_survey,"Yes, some of the time","Yes, some of the time","Sí, algunas veces","Ja, manchmal","Oui, quelquefois","Ja, soms","Ja, manchmal","Sí, algunas veces","Yes, some of the time"
Example1Comic,child_survey,"Yes, most of the time","Yes, most of the time","Sí, muchas veces","Ja, meistens","Oui, la plupart du temps","Ja, meestal","Ja, meistens","Sí, muchas veces","Yes, most of the time"
Example1Comic,child_survey,"Yes, always","Yes, always","Sí, siempre","Ja, immer","Oui, toujours","Ja, altijd","Ja, immer","Sí, siempre","Yes, always"
Example2Neat,child_survey,Are you neat and tidy at school?,Are you neat and tidy at school?,¿Eres limpio y ordenado en el colegio?,Bist du in der Schule ordentlich?,Êtes-vous soigneux et ordonné à l'école ?,Ben je netjes en opgeruimd op school?,Bist du in der Schule ordentlich?,¿Eres limpio y ordenado en el colegio?,Are you neat and tidy at school?
Example2Neat,child_survey,"No, never","No, never","No, nunca","Nein, nie","Non, jamais","Nee, nooit","Nein, nie","No, nunca","No, never"
Example2Neat,child_survey,"Yes, some of the time","Yes, some of the time","Sí, algunas veces","Ja, manchmal","Oui, parfois","Ja, een deel van de tijd","Ja, manchmal","Sí, algunas veces","Yes, some of the time"
Example2Neat,child_survey,"Yes, most of the time","Yes, most of the time","Sí, muchas veces","Ja, meistens","Oui, la plupart du temps","Ja, het grootste deel van de tijd","Ja, meistens","Sí, muchas veces","Yes, most of the time"
Example2Neat,child_survey,"Yes, always","Yes, always","Sí, siempre","Ja, immer","Oui, toujours","Ja, altijd","Ja, immer","Sí, siempre","Yes, always"
TeacherNice,child_survey,Is your teacher nice to you?,Is your teacher nice to you?,¿Te trata bien tu profesor?,Ist dein Lehrer nett zu dir?,Votre enseignant est-il gentil avec vous ?,Is je leraar aardig voor je?,Ist dein Lehrer nett zu dir?,¿Te trata bien tu profesor?,Is your teacher nice to you?
TeacherNice,child_survey,"No, never","No, never","No, nunca","Nein, nie","Non, jamais","Nee, nooit","Nein, nie","No, nunca","No, never"
TeacherNice,child_survey,"Yes, some of the time","Yes, some of the time","Sí, algunas veces","Ja, manchmal","Oui, parfois","Ja, een deel van de tijd","Ja, manchmal","Sí, algunas veces","Yes, some of the time"
TeacherNice,child_survey,"Yes, most of the time","Yes, most of the time","Sí, muchas veces","Ja, meistens","Oui, la plupart du temps","Ja, het grootste deel van de tijd","Ja, meistens","Sí, muchas veces","Yes, most of the time"
TeacherNice,child_survey,"Yes, always","Yes, always","Sí, siempre","Ja, immer","Oui, toujours","Ja, altijd","Ja, immer","Sí, siempre","Yes, always"
TeacherLike,child_survey,Does your teacher like you?,Does your teacher like you?,¿Le caes bien a tu profesor?,Mag dich dein Lehrer?,Votre enseignant vous aime-t-il ?,Vindt je leraar je leuk?,Mag dich dein Lehrer?,¿Le caes bien a tu profesor?,Does your teacher like you?
TeacherLike,child_survey,"No, never","No, never","No, nunca","Nein, nie","Non, jamais","Nee, nooit","Nein, nie","No, nunca","No, never"
TeacherLike,child_survey,"Yes, some of the time","Yes, some of the time","Sí, algunas veces","Ja, manchmal","Oui, parfois","Ja, een deel van de tijd","Ja, manchmal","Sí, algunas veces","Yes, some of the time"
TeacherLike,child_survey,"Yes, most of the time","Yes, most of the time","Sí, muchas veces","Ja, meistens","Oui, la plupart du temps","Ja, het grootste deel van de tijd","Ja, meistens","Sí, muchas veces","Yes, most of the time"
TeacherLike,child_survey,"Yes, always","Yes, always","Sí, siempre","Ja, immer","Oui, toujours","Ja, altijd","Ja, immer","Sí, siempre","Yes, always"
TeacherListen,child_survey,Does your teacher listen to you?,Does your teacher listen to you?,¿Te escucha tu profesor?,Hört dein Lehrer dir zu?,Votre enseignant vous écoute-t-il ?,Luistert je leraar naar je?,Hört dein Lehrer dir zu?,¿Te escucha tu profesor?,Does your teacher listen to you?
TeacherListen,child_survey,"No, never","No, never","No, nunca","Nein, nie","Non, jamais","Nee, nooit","Nein, nie","No, nunca","No, never"
TeacherListen,child_survey,"Yes, some of the time","Yes, some of the time","Sí, algunas veces","Ja, manchmal","Oui, parfois","Ja, een deel van de tijd","Ja, manchmal","Sí, algunas veces","Yes, some of the time"
TeacherListen,child_survey,"Yes, most of the time","Yes, most of the time","Sí, muchas veces","Ja, meistens","Oui, la plupart du temps","Ja, het grootste deel van de tijd","Ja, meistens","Sí, muchas veces","Yes, most of the time"
TeacherListen,child_survey,"Yes, always","Yes, always","Sí, siempre","Ja, immer","Oui, toujours","Ja, altijd","Ja, immer","Sí, siempre","Yes, always"
SchoolFun,child_survey,Is school fun?,Is school fun?,¿Te diviertes en el colegio?,Macht die Schule Spaß?,L'école est-elle amusante ?,Is school leuk?,Macht die Schule Spaß?,¿Te diviertes en el colegio?,Is school fun?
SchoolFun,child_survey,"No, never","No, never","No, nunca","Nein, nie","Non, jamais","Nee, nooit","Nein, nie","No, nunca","No, never"
SchoolFun,child_survey,"Yes, some of the time","Yes, some of the time","Sí, algunas veces","Ja, manchmal","Oui, parfois","Ja, een deel van de tijd","Ja, manchmal","Sí, algunas veces","Yes, some of the time"
SchoolFun,child_survey,"Yes, most of the time","Yes, most of the time","Sí, muchas veces","Ja, meistens","Oui, la plupart du temps","Ja, het grootste deel van de tijd","Ja, meistens","Sí, muchas veces","Yes, most of the time"
SchoolFun,child_survey,"Yes, always","Yes, always","Sí, siempre","Ja, immer","Oui, toujours","Ja, altijd","Ja, immer","Sí, siempre","Yes, always"
SchoolEnjoy,child_survey,Do you enjoy school?,Do you enjoy school?,¿Te gusta la escuela?,"Magst du es, in die Schule zu gehen?",Aimez-vous l'école ?,Vind je school leuk?,"Magst du es, in die Schule zu gehen?",¿Te gusta la escuela?,Do you enjoy school?
SchoolEnjoy,child_survey,"No, never","No, never","No, nunca","Nein, nie","Non, jamais","Nee, nooit","Nein, nie","No, nunca","No, never"
SchoolEnjoy,child_survey,"Yes, some of the time","Yes, some of the time","Sí, algunas veces","Ja, manchmal","Oui, parfois","Ja, een deel van de tijd","Ja, manchmal","Sí, algunas veces","Yes, some of the time"
SchoolEnjoy,child_survey,"Yes, most of the time","Yes, most of the time","Sí, muchas veces","Ja, meistens","Oui, la plupart du temps","Ja, het grootste deel van de tijd","Ja, meistens","Sí, muchas veces","Yes, most of the time"
SchoolEnjoy,child_survey,"Yes, always","Yes, always","Sí, siempre","Ja, immer","Oui, toujours","Ja, altijd","Ja, immer","Sí, siempre","Yes, always"
SchoolHappy,child_survey,Are you happy at school?,Are you happy at school?,¿Te sientes feliz en la escuela?,Bist du glücklich in der Schule?,Êtes-vous heureux à l'école ?,Ben je blij op school?,Bist du glücklich in der Schule?,¿Te sientes feliz en la escuela?,Are you happy at school?
SchoolHappy,child_survey,"No, never","No, never","No, nunca","Nein, nie","Non, jamais","Nee, nooit","Nein, nie","No, nunca","No, never"
SchoolHappy,child_survey,"Yes, some of the time","Yes, some of the time","Sí, algunas veces","Ja, manchmal","Oui, parfois","Ja, een deel van de tijd","Ja, manchmal","Sí, algunas veces","Yes, some of the time"
SchoolHappy,child_survey,"Yes, most of the time","Yes, most of the time","Sí, muchas veces","Ja, meistens","Oui, la plupart du temps","Ja, het grootste deel van de tijd","Ja, meistens","Sí, muchas veces","Yes, most of the time"
SchoolHappy,child_survey,"Yes, always","Yes, always","Sí, siempre","Ja, immer","Oui, toujours","Ja, altijd","Ja, immer","Sí, siempre","Yes, always"
SchoolSafe,child_survey,Do you feel safe at school?,Do you feel safe at school?,¿Te sientes seguro o segura en el colegio?,Fühlst du dich in der Schule sicher?,Vous sentez-vous en sécurité à l'école ?,Voel je je veilig op school?,Fühlst du dich in der Schule sicher?,¿Te sientes seguro o segura en el colegio?,Do you feel safe at school?
SchoolSafe,child_survey,"No, never","No, never","No, nunca","Nein, nie","Non, jamais","Nee, nooit","Nein, nie","No, nunca","No, never"
SchoolSafe,child_survey,"Yes, some of the time","Yes, some of the time","Sí, algunas veces","Ja, manchmal","Oui, parfois","Ja, een deel van de tijd","Ja, manchmal","Sí, algunas veces","Yes, some of the time"
SchoolSafe,child_survey,"Yes, most of the time","Yes, most of the time","Sí, muchas veces","Ja, meistens","Oui, la plupart du temps","Ja, het grootste deel van de tijd","Ja, meistens","Sí, muchas veces","Yes, most of the time"
SchoolSafe,child_survey,"Yes, always","Yes, always","Sí, siempre","Ja, immer","Oui, toujours","Ja, altijd","Ja, immer","Sí, siempre","Yes, always"
ClassFriends,child_survey,Do you have friends in your class?,Do you have friends in your class?,¿Tienes amigos o amigas en tu clase?,Hast du Freunde in deiner Klasse?,Avez-vous des amis dans votre classe ?,Heb je vrienden in je klas?,Hast du Freunde in deiner Klasse?,¿Tienes amigos o amigas en tu clase?,Do you have friends in your class?
ClassFriends,child_survey,"No, never","No, never","No, nunca","Nein, nie","Non, jamais","Nee, nooit","Nein, nie","No, nunca","No, never"
ClassFriends,child_survey,"Yes, some of the time","Yes, some of the time","Sí, algunas veces","Ja, manchmal","Oui, parfois","Ja, een deel van de tijd","Ja, manchmal","Sí, algunas veces","Yes, some of the time"
ClassFriends,child_survey,"Yes, most of the time","Yes, most of the time","Sí, muchas veces","Ja, meistens","Oui, la plupart du temps","Ja, het grootste deel van de tijd","Ja, meistens","Sí, muchas veces","Yes, most of the time"
ClassFriends,child_survey,"Yes, always","Yes, always","Sí, siempre","Ja, immer","Oui, toujours","Ja, altijd","Ja, immer","Sí, siempre","Yes, always"
ClassHelp,child_survey,Do the kids in your class help you when you need it?,Do the kids in your class help you when you need it?,¿Te ayudan los niños y las niñas de tu clase cuando lo necesitas?,"Helfen dir die Kinder in deiner Klasse, wenn du Hilfe brauchst?",Les enfants de votre classe vous aident-ils quand vous en avez besoin ?,Helpen de kinderen in je klas je wanneer je het nodig hebt?,"Helfen dir die Kinder in deiner Klasse, wenn du Hilfe brauchst?",¿Te ayudan los niños y las niñas de tu clase cuando lo necesitas?,Do the kids in your class help you when you need it?
ClassHelp,child_survey,"No, never","No, never","No, nunca","Nein, nie","Non, jamais","Nee, nooit","Nein, nie","No, nunca","No, never"
ClassHelp,child_survey,"Yes, some of the time","Yes, some of the time","Sí, algunas veces","Ja, manchmal","Oui, parfois","Ja, een deel van de tijd","Ja, manchmal","Sí, algunas veces","Yes, some of the time"
ClassHelp,child_survey,"Yes, most of the time","Yes, most of the time","Sí, muchas veces","Ja, meistens","Oui, la plupart du temps","Ja, het grootste deel van de tijd","Ja, meistens","Sí, muchas veces","Yes, most of the time"
ClassHelp,child_survey,"Yes, always","Yes, always","Sí, siempre","Ja, immer","Oui, toujours","Ja, altijd","Ja, immer","Sí, siempre","Yes, always"
ClassPlay,child_survey,Do the kids in your class play with you?,Do the kids in your class play with you?,¿Los niños y las niñas de tu clase juegan contigo?,Spielen die Kinder in deiner Klasse mit dir?,Les enfants de votre classe jouent-ils avec vous ?,Spelen de kinderen in je klas met je?,Spielen die Kinder in deiner Klasse mit dir?,¿Los niños y las niñas de tu clase juegan contigo?,Do the kids in your class play with you?
ClassPlay,child_survey,"No, never","No, never","No, nunca","Nein, nie","Non, jamais","Nee, nooit","Nein, nie","No, nunca","No, never"
ClassPlay,child_survey,"Yes, some of the time","Yes, some of the time","Sí, algunas veces","Ja, manchmal","Oui, parfois","Ja, een deel van de tijd","Ja, manchmal","Sí, algunas veces","Yes, some of the time"
ClassPlay,child_survey,"Yes, most of the time","Yes, most of the time","Sí, muchas veces","Ja, meistens","Oui, la plupart du temps","Ja, het grootste deel van de tijd","Ja, meistens","Sí, muchas veces","Yes, most of the time"
ClassPlay,child_survey,"Yes, always","Yes, always","Sí, siempre","Ja, immer","Oui, toujours","Ja, altijd","Ja, immer","Sí, siempre","Yes, always"
ClassNice,child_survey,Are the kids in your class nice to you?,Are the kids in your class nice to you?,¿Los niños y las niñas de tu clase son amables contigo?,Sind die Kinder in deiner Klasse nett zu dir?,Les enfants de votre classe sont-ils gentils avec vous ?,Zijn de kinderen in je klas aardig voor je?,Sind die Kinder in deiner Klasse nett zu dir?,¿Los niños y las niñas de tu clase son amables contigo?,Are the kids in your class nice to you?
ClassNice,child_survey,"No, never","No, never","No, nunca","Nein, nie","Non, jamais","Nee, nooit","Nein, nie","No, nunca","No, never"
ClassNice,child_survey,"Yes, some of the time","Yes, some of the time","Sí, algunas veces","Ja, manchmal","Oui, parfois","Ja, een deel van de tijd","Ja, manchmal","Sí, algunas veces","Yes, some of the time"
ClassNice,child_survey,"Yes, most of the time","Yes, most of the time","Sí, muchas veces","Ja, meistens","Oui, la plupart du temps","Ja, het grootste deel van de tijd","Ja, meistens","Sí, muchas veces","Yes, most of the time"
ClassNice,child_survey,"Yes, always","Yes, always","Sí, siempre","Ja, immer","Oui, toujours","Ja, altijd","Ja, immer","Sí, siempre","Yes, always"
LonelySchool,child_survey,Do you feel lonely at school?,Do you feel lonely at school?,¿Te sientes solo o sola en el colegio?,Fühlst du dich in der Schule einsam?,Vous sentez-vous seul à l'école ?,Voel je je eenzaam op school?,Fühlst du dich in der Schule einsam?,¿Te sientes solo o sola en el colegio?,Do you feel lonely at school?
LonelySchool,child_survey,"No, never","No, never","No, nunca","Nein, nie","Non, jamais","Nee, nooit","Nein, nie","No, nunca","No, never"
LonelySchool,child_survey,"Yes, some of the time","Yes, some of the time","Sí, algunas veces","Ja, manchmal","Oui, parfois","Ja, een deel van de tijd","Ja, manchmal","Sí, algunas veces","Yes, some of the time"
LonelySchool,child_survey,"Yes, most of the time","Yes, most of the time","Sí, muchas veces","Ja, meistens","Oui, la plupart du temps","Ja, het grootste deel van de tijd","Ja, meistens","Sí, muchas veces","Yes, most of the time"
LonelySchool,child_survey,"Yes, always","Yes, always","Sí, siempre","Ja, immer","Oui, toujours","Ja, altijd","Ja, immer","Sí, siempre","Yes, always"
LearningGood,child_survey,Are you good at learning things in school?,Are you good at learning things in school?,¿Eres bueno o buena para aprender en el colegio?,"Bist du gut darin, in der Schule etwas zu lernen?",Êtes-vous bon pour apprendre des choses à l'école ?,Ben je goed in het leren van dingen op school?,"Bist du gut darin, in der Schule etwas zu lernen?",¿Eres bueno o buena para aprender en el colegio?,Are you good at learning things in school?
LearningGood,child_survey,"No, never","No, never","No, nunca","Nein, nie","Non, jamais","Nee, nooit","Nein, nie","No, nunca","No, never"
LearningGood,child_survey,"Yes, some of the time","Yes, some of the time","Sí, algunas veces","Ja, manchmal","Oui, parfois","Ja, een deel van de tijd","Ja, manchmal","Sí, algunas veces","Yes, some of the time"
LearningGood,child_survey,"Yes, most of the time","Yes, most of the time","Sí, muchas veces","Ja, meistens","Oui, la plupart du temps","Ja, het grootste deel van de tijd","Ja, meistens","Sí, muchas veces","Yes, most of the time"
LearningGood,child_survey,"Yes, always","Yes, always","Sí, siempre","Ja, immer","Oui, toujours","Ja, altijd","Ja, immer","Sí, siempre","Yes, always"
SchoolGiveUp,child_survey,"When schoolwork is hard, do you give up right away?","When schoolwork is hard, do you give up right away?","Cuando las tareas del colegio son difíciles, ¿te rindes en seguida?","Gibst du sofort auf, wenn dir die Schularbeit schwer fällt?",Abandonnez-vous tout de suite quand le travail scolaire est difficile ?,"Wanneer schoolwerk moeilijk is, geef je dan meteen op?","Gibst du sofort auf, wenn dir die Schularbeit schwer fällt?","Cuando las tareas del colegio son difíciles, ¿te rindes en seguida?","When schoolwork is hard, do you give up right away?"
SchoolGiveUp,child_survey,"No, never","No, never","No, nunca","Nein, nie","Non, jamais","Nee, nooit","Nein, nie","No, nunca","No, never"
SchoolGiveUp,child_survey,"Yes, some of the time","Yes, some of the time","Sí, algunas veces","Ja, manchmal","Oui, parfois","Ja, een deel van de tijd","Ja, manchmal","Sí, algunas veces","Yes, some of the time"
SchoolGiveUp,child_survey,"Yes, most of the time","Yes, most of the time","Sí, muchas veces","Ja, meistens","Oui, la plupart du temps","Ja, het grootste deel van de tijd","Ja, meistens","Sí, muchas veces","Yes, most of the time"
SchoolGiveUp,child_survey,"Yes, always","Yes, always","Sí, siempre","Ja, immer","Oui, toujours","Ja, altijd","Ja, immer","Sí, siempre","Yes, always"
ReadingEnjoy,child_survey,Do you enjoy doing reading activities at school?,Do you enjoy doing reading activities at school?,¿Te gusta hacer actividades de lectura en el colegio?,Macht es dir Spaß in der Schule zu lesen?,Aimez-vous faire des activités de lecture à l'école ?,Vind je het leuk om leesactiviteiten te doen op school?,Macht es dir Spaß in der Schule zu lesen?,¿Te gusta hacer actividades de lectura en el colegio?,Do you enjoy doing reading activities at school?
ReadingEnjoy,child_survey,"No, never","No, never","No, nunca","Nein, nie","Non, jamais","Nee, nooit","Nein, nie","No, nunca","No, never"
ReadingEnjoy,child_survey,"Yes, some of the time","Yes, some of the time","Sí, algunas veces","Ja, manchmal","Oui, parfois","Ja, een deel van de tijd","Ja, manchmal","Sí, algunas veces","Yes, some of the time"
ReadingEnjoy,child_survey,"Yes, most of the time","Yes, most of the time","Sí, muchas veces","Ja, meistens","Oui, la plupart du temps","Ja, het grootste deel van de tijd","Ja, meistens","Sí, muchas veces","Yes, most of the time"
ReadingEnjoy,child_survey,"Yes, always","Yes, always","Sí, siempre","Ja, immer","Oui, toujours","Ja, altijd","Ja, immer","Sí, siempre","Yes, always"
MathEnjoy,child_survey,Do you enjoy doing math activities at school?,Do you enjoy doing math activities at school?,¿Te gusta hacer actividades de matemáticas en el colegio?,Hast du Spaß am Fach Mathe?,Aimez-vous faire des activités de mathématiques à l'école ?,Vind je het leuk om wiskundeactiviteiten te doen op school?,Hast du Spaß am Fach Mathe?,¿Te gusta hacer actividades de matemáticas en el colegio?,Do you enjoy doing math activities at school?
MathEnjoy,child_survey,"No, never","No, never","No, nunca","Nein, nie","Non, jamais","Nee, nooit","Nein, nie","No, nunca","No, never"
MathEnjoy,child_survey,"Yes, some of the time","Yes, some of the time","Sí, algunas veces","Ja, manchmal","Oui, parfois","Ja, een deel van de tijd","Ja, manchmal","Sí, algunas veces","Yes, some of the time"
MathEnjoy,child_survey,"Yes, most of the time","Yes, most of the time","Sí, muchas veces","Ja, meistens","Oui, la plupart du temps","Ja, het grootste deel van de tijd","Ja, meistens","Sí, muchas veces","Yes, most of the time"
MathEnjoy,child_survey,"Yes, always","Yes, always","Sí, siempre","Ja, immer","Oui, toujours","Ja, altijd","Ja, immer","Sí, siempre","Yes, always"
ReadingGood,child_survey,Are you good at reading?,Are you good at reading?,¿Eres bueno o buena para la lectura?,Bist du gut im Lesen?,Êtes-vous bon en lecture ?,Ben je goed in lezen?,Bist du gut im Lesen?,¿Eres bueno o buena para la lectura?,Are you good at reading?
ReadingGood,child_survey,"No, never","No, never","No, nunca","Nein, nie","Non, jamais","Nee, nooit","Nein, nie","No, nunca","No, never"
ReadingGood,child_survey,"Yes, some of the time","Yes, some of the time","Sí, algunas veces","Ja, manchmal","Oui, parfois","Ja, een deel van de tijd","Ja, manchmal","Sí, algunas veces","Yes, some of the time"
ReadingGood,child_survey,"Yes, most of the time","Yes, most of the time","Sí, muchas veces","Ja, meistens","Oui, la plupart du temps","Ja, het grootste deel van de tijd","Ja, meistens","Sí, muchas veces","Yes, most of the time"
ReadingGood,child_survey,"Yes, always","Yes, always","Sí, siempre","Ja, immer","Oui, toujours","Ja, altijd","Ja, immer","Sí, siempre","Yes, always"
MathGood,child_survey,Are you good at math?,Are you good at math?,¿Eres bueno o buena para las matemáticas?,Bist du gut in Mathe?,Êtes-vous bon en maths ?,Ben je goed in wiskunde?,Bist du gut in Mathe?,¿Eres bueno o buena para las matemáticas?,Are you good at math?
MathGood,child_survey,"No, never","No, never","No, nunca","Nein, nie","Non, jamais","Nee, nooit","Nein, nie","No, nunca","No, never"
MathGood,child_survey,"Yes, some of the time","Yes, some of the time","Sí, algunas veces","Ja, manchmal","Oui, parfois","Ja, een deel van de tijd","Ja, manchmal","Sí, algunas veces","Yes, some of the time"
MathGood,child_survey,"Yes, most of the time","Yes, most of the time","Sí, muchas veces","Ja, meistens","Oui, la plupart du temps","Ja, het grootste deel van de tijd","Ja, meistens","Sí, muchas veces","Yes, most of the time"
MathGood,child_survey,"Yes, always","Yes, always","Sí, siempre","Ja, immer","Oui, toujours","Ja, altijd","Ja, immer","Sí, siempre","Yes, always"
GrowthMindSmart,child_survey,Some kids think they can get smarter if they work really hard. Do you think that you can get smarter if you work really hard?,Some kids think they can get smarter if they work really hard. Do you think that you can get smarter if you work really hard?,Algunos niños y niñas piensan que pueden ser más inteligentes si se esfuerzan mucho. ¿Crees que tú puedes ser más inteligente si te esfuerzas mucho?,"Manche Kinder glauben, dass sie schlauer werden können, wenn sie sich anstrengen. Bist du auch der Meinung, dass du schlauer werden kannst, wenn du dich anstrengst?",Certains enfants pensent qu'ils peuvent devenir plus intelligents s'ils travaillent très dur. Pensez-vous que vous pouvez devenir plus intelligent si vous travaillez très dur ?,Sommige kinderen denken dat ze slimmer kunnen worden als ze heel hard werken. Denk je dat je slimmer kunt worden als je heel hard werkt?,"Manche Kinder glauben, dass sie schlauer werden können, wenn sie sich anstrengen. Bist du auch der Meinung, dass du schlauer werden kannst, wenn du dich anstrengst?",Algunos niños y niñas piensan que pueden ser más inteligentes si se esfuerzan mucho. ¿Crees que tú puedes ser más inteligente si te esfuerzas mucho?,Some kids think they can get smarter if they work really hard. Do you think that you can get smarter if you work really hard?
GrowthMindSmart,child_survey,"No, never","No, never","No, nunca","Nein, nie","Non, jamais","Nee, nooit","Nein, nie","No, nunca","No, never"
GrowthMindSmart,child_survey,"Yes, some of the time","Yes, some of the time","Sí, algunas veces","Ja, manchmal","Oui, parfois","Ja, een deel van de tijd","Ja, manchmal","Sí, algunas veces","Yes, some of the time"
GrowthMindSmart,child_survey,"Yes, most of the time","Yes, most of the time","Sí, muchas veces","Ja, meistens","Oui, la plupart du temps","Ja, het grootste deel van de tijd","Ja, meistens","Sí, muchas veces","Yes, most of the time"
GrowthMindSmart,child_survey,"Yes, always","Yes, always","Sí, siempre","Ja, immer","Oui, toujours","Ja, altijd","Ja, immer","Sí, siempre","Yes, always"
GrowthMindRead,child_survey,Some kids think they can get better at reading if they work really hard. Do you think that you can get better at reading if you work really hard?,Some kids think they can get better at reading if they work really hard. Do you think that you can get better at reading if you work really hard?,Algunos niños y niñas creen que pueden mejorar en lectura si se esfuerzan mucho. ¿Crees que tú puedes mejorar en lectura si te esfuerzas mucho?,"Manche Kinder glauben, dass sie besser lesen können, wenn sie sich richtig anstrengen. Bist du auch der Meinung, dass du besser lesen kannst, wenn du dich richtig anstrengst?",Certains enfants pensent qu'ils peuvent s'améliorer en lecture s'ils travaillent très dur. Pensez-vous que vous pouvez vous améliorer en lecture si vous travaillez très dur ?,Sommige kinderen denken dat ze beter kunnen worden in lezen als ze heel hard werken. Denk je dat je beter kunt worden in lezen als je heel hard werkt?,"Manche Kinder glauben, dass sie besser lesen können, wenn sie sich richtig anstrengen. Bist du auch der Meinung, dass du besser lesen kannst, wenn du dich richtig anstrengst?",Algunos niños y niñas creen que pueden mejorar en lectura si se esfuerzan mucho. ¿Crees que tú puedes mejorar en lectura si te esfuerzas mucho?,Some kids think they can get better at reading if they work really hard. Do you think that you can get better at reading if you work really hard?
GrowthMindRead,child_survey,"No, never","No, never","No, nunca","Nein, nie","Non, jamais","Nee, nooit","Nein, nie","No, nunca","No, never"
GrowthMindRead,child_survey,"Yes, some of the time","Yes, some of the time","Sí, algunas veces","Ja, manchmal","Oui, parfois","Ja, een deel van de tijd","Ja, manchmal","Sí, algunas veces","Yes, some of the time"
GrowthMindRead,child_survey,"Yes, most of the time","Yes, most of the time","Sí, muchas veces","Ja, meistens","Oui, la plupart du temps","Ja, het grootste deel van de tijd","Ja, meistens","Sí, muchas veces","Yes, most of the time"
GrowthMindRead,child_survey,"Yes, always","Yes, always","Sí, siempre","Ja, immer","Oui, toujours","Ja, altijd","Ja, immer","Sí, siempre","Yes, always"
GrowthMindMath,child_survey,Some kids think they can get better at math if they work really hard. Do you think that you can get better at math if you work really hard?,Some kids think they can get better at math if they work really hard. Do you think that you can get better at math if you work really hard?,Algunos niños y niñas creen que pueden mejorar en matemáticas si se esfuerzan mucho. ¿Crees que tú puedes mejorar en matemáticas si te esfuerzas mucho?,"Manche Kinder glauben, dass sie in Mathe besser werden können, wenn sie sich richtig anstrengen. Bist du auch der Meinung, dass man in Mathe besser wird, wenn man sich richtig anstrengt?",Certains enfants pensent qu'ils peuvent s'améliorer en maths s'ils travaillent très dur. Pensez-vous que vous pouvez vous améliorer en maths si vous travaillez très dur ?,Sommige kinderen denken dat ze beter kunnen worden in wiskunde als ze heel hard werken. Denk je dat je beter kunt worden in wiskunde als je heel hard werkt?,"Manche Kinder glauben, dass sie in Mathematik besser werden können, wenn sie sich richtig anstrengen. Bist du auch der Meinung, dass man in Mathe besser wird, wenn man sich richtig anstrengt?",Algunos niños y niñas creen que pueden mejorar en matemáticas si se esfuerzan mucho. ¿Crees que tú puedes mejorar en matemáticas si te esfuerzas mucho?,Some kids think they can get better at math if they work really hard. Do you think that you can get better at math if you work really hard?
GrowthMindMath,child_survey,"No, never","No, never","No, nunca","Nein, nie","Non, jamais","Nee, nooit","Nein, nie","No, nunca","No, never"
GrowthMindMath,child_survey,"Yes, some of the time","Yes, some of the time","Sí, algunas veces","Ja, manchmal","Oui, parfois","Ja, een deel van de tijd","Ja, manchmal","Sí, algunas veces","Yes, some of the time"
GrowthMindMath,child_survey,"Yes, most of the time","Yes, most of the time","Sí, muchas veces","Ja, meistens","Oui, la plupart du temps","Ja, het grootste deel van de tijd","Ja, meistens","Sí, muchas veces","Yes, most of the time"
GrowthMindMath,child_survey,"Yes, always","Yes, always","Sí, siempre","Ja, immer","Oui, toujours","Ja, altijd","Ja, immer","Sí, siempre","Yes, always"
unknown,child_survey,Start Survey,Start Survey,Comenzar Encuesta,Umfrage starten,Démarrer le sondage,Start enquête,Umfrage starten,Comenzar Encuesta,Start Survey
unknown,child_survey,Previous,Previous,Anterior,Zurück,Précédent,Vorige,Zurück,Anterior,Previous
unknown,child_survey,Next,Next,Siguiente,Weiter,Suivant,Volgende,Weiter,Siguiente,Next
unknown,child_survey,Finish,Finish,Terminar,Beenden,Terminer,Afsluiten,Beenden,Terminar,Finish
<b>How often did/do you or someone else in your home do the following activities with your child?</b>","If your child is in primary/elementary school (first grade or higher), think about the time before they started primary/elementary school. If your child has not yet started primary/elementary school, think about what happens right now.
<b>How often did/do you or someone else in your home do the following activities with your child?</b>","If your child is in primary/elementary school (first grade or higher), think about the time before they started primary/elementary school. If your child has not yet started primary/elementary school, think about what happens right now.
<b>How often did/do you or someone else in your home do the following activities with your child?</b>","Wenn Ihr Kind in der Grundschule ist (erste Klasse oder höher), denken Sie an die Zeit vor der Einschulung. Wenn Ihr Kind noch nicht in der Grundschule ist, beziehen Sie sich auf die jetzige Situation.<br><br><b>Wie oft haben Sie oder jemand anderes bei Ihnen zu Hause die folgenden Aktivitäten mit Ihrem Kind unternommen?</b>?","If your child is in primary/elementary school (first grade or higher), think about the time before they started primary/elementary school. If your child has not yet started primary/elementary school, think about what happens right now.
<b>How often did/do you or someone else in your home do the following activities with your child?</b>","If your child is in primary/elementary school (first grade or higher), think about the time before they started primary/elementary school. If your child has not yet started primary/elementary school, think about what happens right now.
<b>How often did/do you or someone else in your home do the following activities with your child?</b>","Wenn Ihr Kind in der Grundschule ist (erste Klasse oder höher), denken Sie an die Zeit vor der Einschulung. Wenn Ihr Kind noch nicht in der Grundschule ist, beziehen Sie sich auf die jetzige Situation.<br><br><b>Wie oft haben Sie oder jemand anderes bei Ihnen zu Hause die folgenden Aktivitäten mit Ihrem Kind unternommen?</b>?","Si su niño(a)  cursa actualmente un grado de primaria (primero o superior), piense en la época antes de que ingresar a grado primero. Si su niño(a) aún no ha ingresado a la primaria, piense en lo que ocurre actualmente.<br><br><b>¿Con qué frecuencia realizaba usted u otra persona de su hogar las siguientes actividades con él o ella?</b>","If your child is in primary/elementary school (first grade or higher), think about the time before they started primary/elementary school. If your child has not yet started primary/elementary school, think about what happens right now.