identifier,labels,source,en-US,de,de_CH,es,es_AR,es_CO,fr,fr_CA,nl,en,es-CO,fr-CA,de-CH,es-AR,en-GH
CaregiverSurveyIntroB,parent_survey_family,<block><b><font face=Verdana size=4>,<block><b><font face=Verdana size=4>,<block><b><font face=Verdana size=4>,<block><b><font face=Verdana size=4>,"<block><b><font face=Verdana size=4> ¡Gracias de nuevo por participar en este proyecto de investigación! </b><br> <br> <p><font face=Verdana size=4>Estimamos que diligenciar la siguiente parte de la encuesta le tomará aproximadamente 20-30 minutos. En esta encuesta se le harán preguntas sobre su hogar y sobre usted mismo(a).<br><br>Le agradecemos que responda la encuesta de la forma más precisa posible con la información que tiene disponible. Si tiene alguna duda, comuníquesela a quien coordina esta aplicación. <br><br>Cuando esté listo(a) para empezar, seleccione el botón Comenzar Encuesta.<br><br><b><font face=Verdana size=4>¡Muchas gracias!",<block><b><font face=Verdana size=4>,<block><b><font face=Verdana size=4>,,<block><b><font face=Verdana size=4>,<block><b><font face=Verdana size=4>,<block><b><font face=Verdana size=4>,<block><b><font face=Verdana size=4>,<block><b><font face=Verdana size=4>,<block><b><font face=Verdana size=4>,"<block><b><font face=Verdana size=4> ¡Gracias de nuevo por participar en este proyecto de investigación! </b><br> <br> <p><font face=Verdana size=4>Estimamos que diligenciar la siguiente parte de la encuesta le tomará aproximadamente 20-30 minutos. En esta encuesta se le harán preguntas sobre su hogar y sobre usted mismo(a).<br><br>Le agradecemos que responda la encuesta de la forma más precisa posible con la información que tiene disponible. Si tiene alguna duda, comuníquesela a quien coordina esta aplicación. <br><br>Cuando esté listo(a) para empezar, seleccione el botón Comenzar Encuesta.<br><br><b><font face=Verdana size=4>¡Muchas gracias!",<block><b><font face=Verdana size=4>
HomeNeighborhood,parent_survey_family,Please answer the following questions about the community in which you live.,Please answer the following questions about the community in which you live.,"Bitte beantworten Sie die folgenden Fragen zu der Gemeinschaft, in der Sie leben.","Bitte beantworten Sie die folgenden Fragen zu der Gemeinschaft, in der Sie leben.",Responda a las siguientes preguntas sobre la comunidad en la que vive.,Responda a las siguientes preguntas sobre la comunidad en la que vive.,Responda a las siguientes preguntas sobre la comunidad en la que vive.,Veuillez répondre aux questions suivantes concernant la communauté dans laquelle vous vivez.,Veuillez répondre aux questions suivantes concernant la communauté dans laquelle vous vivez.,Beantwoord alstublieft de volgende vragen over de gemeenschap waarin u woont.,Please answer the following questions about the community where you live.,Responda a las siguientes preguntas sobre la comunidad en la que vive.,Veuillez répondre aux questions suivantes concernant la communauté dans laquelle vous vivez.,"Bitte beantworten Sie die folgenden Fragen zu der Gemeinschaft, in der Sie leben.",Responda a las siguientes preguntas sobre la comunidad en la que vive.,Kindly answer the following questions about the community you dey live inside.
HomeNSCHi7a,parent_survey_family,No,No,Nein,Nein,No,No,No,Non,Non,Nee,No,No,Non,Nein,No,No
HomeNSCHi7b,parent_survey_family,No,No,Nein,Nein,No,No,No,Non,Non,Nee,No,No,Non,Nein,No,No
HomeNSCHi7c,parent_survey_family,No,No,Nein,Nein,No,No,No,Non,Non,Nee,No,No,Non,Nein,No,No
HomeNSCHi7d,parent_survey_family,No,No,Nein,Nein,No,No,No,Non,Non,Nee,No,No,Non,Nein,No,No
HomeNSCHi7e,parent_survey_family,No,No,Nein,Nein,No,No,No,Non,Non,Nee,No,No,Non,Nein,No,No
HomeNSCHi7f,parent_survey_family,No,No,Nein,Nein,No,No,No,Non,Non,Nee,No,No,Non,Nein,No,No
HomeNSCHi7g,parent_survey_family,No,No,Nein,Nein,No,No,No,Non,Non,Nee,No,No,Non,Nein,No,No
HomeNSCHi8items,parent_survey_family,Your child is safe at school.,Your child is safe at school.,Ihr Kind ist in der Schule sicher.,Ihr Kind ist in der Schule sicher.,Su niño(a) está seguro(a) en la escuela.,Su niño(a) está seguro(a) en la escuela.,Su niño(a) está seguro(a) en la escuela.,Votre enfant est en sécurité à l'école.,Votre enfant est en sécurité à l'école.,Uw kind is veilig op school.,Your child is safe at school.,Su niño(a) está seguro(a) en la escuela.,Votre enfant est en sécurité à l'école.,Ihr Kind ist in der Schule sicher.,Su niño(a) está seguro(a) en la escuela.,Your child dey safe for school.
HomeFood,parent_survey_family,"These are statements people have made about their food situation. For these statements, please mark whether the statement was often true, sometimes true, or never true for your household in the <b>last 12 months</b>.","These are statements people have made about their food situation. For these statements, please mark whether the statement was often true, sometimes true, or never true for your household in the <b>last 12 months</b>.","Dies sind Aussagen, die Menschen über ihre Ernährungssituation gemacht haben. Bitte kreuzen Sie für diese Aussagen an, ob die Aussage in den <b>letzten 12 Monaten</b> für Ihren Haushalt oft, manchmal oder nie stimmte.","Dies sind Aussagen, die Menschen über ihre Ernährungssituation gemacht haben. Bitte kreuzen Sie für diese Aussagen an, ob die Aussage in den <b>letzten 12 Monaten</b> für Ihren Haushalt oft, manchmal oder nie stimmte.","Estas son declaraciones que las personas han hecho sobre situaciones alimentarias. Para cada uno, favor de indicar si ha ocurrido frecuentemente, a veces, o nunca (a Ud. / en su hogar) en <b>los últimos 12 meses</b>.","Estas son declaraciones que las personas han hecho sobre situaciones alimentarias. Para cada uno, favor de indicar si ha ocurrido frecuentemente, a veces, o nunca (a Ud. / en su hogar) en <b>los últimos 12 meses</b>.","Estas son declaraciones que las personas han hecho sobre situaciones alimentarias. Para cada uno, favor de indicar si ha ocurrido frecuentemente, a veces, o nunca (a Ud. / en su hogar) en <b>los últimos 12 meses</b>.","Ce sont des affirmations que les gens ont faites concernant leur situation alimentaire. Pour ces déclarations, indiquez s'il était souvent vrai, parfois vrai ou jamais vrai pour votre foyer au cours <b>des 12 derniers mois</b>.","Ce sont des affirmations que les gens ont faites concernant leur situation alimentaire. Pour ces déclarations, indiquez s'il était souvent vrai, parfois vrai ou jamais vrai pour votre foyer au cours <b>des 12 derniers mois</b>.","Dit zijn uitspraken die mensen hebben gedaan over hun voedselsituatie. Voor deze uitspraken, markeer of de uitspraak vaak waar, soms waar of nooit waar was voor uw huishouden in de <b>afgelopen 12 maanden</b>.","These are statements people have made about their food situation. For these statements, please mark whether the statement was often true, sometimes true, or never true for your household in the <b>last 12 months</b>.","Estas son declaraciones que las personas han hecho sobre situaciones alimentarias. Para cada uno, favor de indicar si ha ocurrido frecuentemente, a veces, o nunca (a Ud. / en su hogar) en <b>los últimos 12 meses</b>.","Ce sont des affirmations que les gens ont faites concernant leur situation alimentaire. Pour ces déclarations, indiquez s'il était souvent vrai, parfois vrai ou jamais vrai pour votre foyer au cours <b>des 12 derniers mois</b>.","Dies sind Aussagen, die Menschen über ihre Ernährungssituation gemacht haben. Bitte kreuzen Sie für diese Aussagen an, ob die Aussage in den <b>letzten 12 Monaten</b> für Ihren Haushalt oft, manchmal oder nie stimmte.","Estas son declaraciones que las personas han hecho sobre situaciones alimentarias. Para cada uno, favor de indicar si ha ocurrido frecuentemente, a veces, o nunca (a Ud. / en su hogar) en <b>los últimos 12 meses</b>.","These things be what dem say about their food place. For these things, mark if dem always true, sometimes true, or never true for your household within <b>last 12 months</b>."
HomeFoodLast,parent_survey_family,Often true,Often true,Trifft oft zu,Trifft oft zu,Frecuentemente,Frecuentemente,Frecuentemente,Souvent vrai,Souvent vrai,Vaak waar,Often true,Frecuentemente,Souvent vrai,Trifft oft zu,Frecuentemente,Many times true
HomeFoodBalanced,parent_survey_family,Often true,Often true,Trifft oft zu,Trifft oft zu,Frecuentemente,Frecuentemente,Frecuentemente,Souvent vrai,Souvent vrai,Vaak waar,Often true,Frecuentemente,Souvent vrai,Trifft oft zu,Frecuentemente,Many times true
HomeFoodSkipMeal,parent_survey_family,No,No,Nein,Nein,No,No,No,Non,Non,Nee,No,No,Non,Nein,No,No
HomeFoodSkipMealAmount,parent_survey_family,Only 1 or 2 months,Only 1 or 2 months,Nur in 1 oder 2 Monaten,Nur in 1 oder 2 Monaten,Solo 1 ó 2 meses,Solo 1 ó 2 meses,Solo 1 ó 2 meses,Seulement 1 ou 2 mois,Seulement 1 ou 2 mois,Slechts in 1 of 2 maanden,Only 1 or 2 months,Solo 1 ó 2 meses,Seulement 1 ou 2 mois,Nur in 1 oder 2 Monaten,Solo 1 ó 2 meses,Only 1 or 2 months
HomeCHAOS,parent_survey_family,Below are statements about the environment in your home. Please indicate how much you agree that the statement is true of your home.,Below are statements about the environment in your home. Please indicate how much you agree that the statement is true of your home.,"Im Folgenden finden Sie Aussagen über die häusliche Umgebung. Bitte geben Sie an, inwieweit Sie der Aussage zustimmen, dass sie auf Ihr Zuhause zutrifft.","Im Folgenden finden Sie Aussagen über die häusliche Umgebung. Bitte geben Sie an, inwieweit Sie der Aussage zustimmen, dass sie auf Ihr Zuhause zutrifft.",A continuación encontrará una serie de afirmaciones sobre el entorno de su hogar. Indique qué tan cierta es cada afirmación para su hogar.,A continuación encontrará una serie de afirmaciones sobre el entorno de su hogar. Indique qué tan cierta es cada afirmación para su hogar.,A continuación encontrará una serie de afirmaciones sobre el entorno de su hogar. Indique qué tan cierta es cada afirmación para su hogar.,Voici des déclarations sur l'environnement dans votre maison. Veuillez indiquer dans quelle mesure vous êtes d'accord que la déclaration est vraie pour votre maison.,Voici des déclarations sur l'environnement dans votre maison. Veuillez indiquer dans quelle mesure vous êtes d'accord que la déclaration est vraie pour votre maison.,Hieronder staan uitspraken over de omgeving in uw huis. Geef aan in hoeverre u het ermee eens bent dat de uitspraak waar is voor uw huis.,Below are statements about the environment in your home. Please indicate how much you agree that the statement is true of your home.,A continuación encontrará una serie de afirmaciones sobre el entorno de su hogar. Indique qué tan cierta es cada afirmación para su hogar.,Voici des déclarations sur l'environnement dans votre maison. Veuillez indiquer dans quelle mesure vous êtes d'accord que la déclaration est vraie pour votre maison.,"Im Folgenden finden Sie Aussagen über die häusliche Umgebung. Bitte geben Sie an, inwieweit Sie der Aussage zustimmen, dass sie auf Ihr Zuhause zutrifft.",A continuación encontrará una serie de afirmaciones sobre el entorno de su hogar. Indique qué tan cierta es cada afirmación para su hogar.,Below be things for your house wey make am up. Kindly show how you dey feel about them.
HomeCHAOS4,parent_survey_family,Definitely True,Definitely True,Definitiv wahr,Definitiv wahr,Totalmente verdadero,Totalmente verdadero,Totalmente verdadero,Totalement vrai,Totalement vrai,Zeker waar,Definitely True,Totalmente verdadero,Totalement vrai,Definitiv wahr,Totalmente verdadero,Truly True
HomeCHAOS10,parent_survey_family,Definitely True,Definitely True,Definitiv wahr,Definitiv wahr,Totalmente verdadero,Totalmente verdadero,Totalmente verdadero,Totalement vrai,Totalement vrai,Zeker waar,Definitely True,Totalmente verdadero,Totalement vrai,Definitiv wahr,Totalmente verdadero,Truly True
HomeCHAOS14,parent_survey_family,Definitely True,Definitely True,Definitiv wahr,Definitiv wahr,Totalmente verdadero,Totalmente verdadero,Totalmente verdadero,Totalement vrai,Totalement vrai,Zeker waar,Definitely True,Totalmente verdadero,Totalement vrai,Definitiv wahr,Totalmente verdadero,Truly True
HomeCHAOS15,parent_survey_family,Definitely True,Definitely True,Definitiv wahr,Definitiv wahr,Totalmente verdadero,Totalmente verdadero,Totalmente verdadero,Totalement vrai,Totalement vrai,Zeker waar,Definitely True,Totalmente verdadero,Totalement vrai,Definitiv wahr,Totalmente verdadero,Truly True
SelfParentStressNSCHh8,parent_survey_family,Not well at all,Not well at all,Überhaupt nicht gut,Überhaupt nicht gut,Muy mal,Muy mal,Muy mal,Pas du tout bien,Pas du tout bien,Helemaal niet goed,Not well at all,Muy mal,Pas du tout bien,Überhaupt nicht gut,Muy mal,Not good one bit
SelfAnxDep,parent_survey_family,Little interest or pleasure in doing things,Little interest or pleasure in doing things,Wenig Interesse oder Freude am Tun,Wenig Interesse oder Freude am Tun,Poco interés o placer por hacer cosas,Poco interés o placer por hacer cosas,Poco interés o placer por hacer cosas,Peu d'intérêt ou de plaisir à faire des choses,Peu d'intérêt ou de plaisir à faire des choses,Weinig interesse of plezier hebben in dingen doen,Little interest or pleasure in doing things,Poco interés o placer por hacer cosas,Peu d'intérêt ou de plaisir à faire des choses,Wenig Interesse oder Freude am Tun,Poco interés o placer por hacer cosas,Little interest or joy dey things you used to love
SelfSupport,parent_survey_family,I can talk about my problems with my friends.,I can talk about my problems with my friends.,Ich kann mit meinen Freunden über meine Probleme sprechen.,Ich kann mit meinen Freunden über meine Probleme sprechen.,Puedo hablar de mis problemas con mis amigos.,Puedo hablar de mis problemas con mis amigos.,Puedo hablar de mis problemas con mis amigos.,Je peux parler de mes problèmes avec mes amis.,Je peux parler de mes problèmes avec mes amis.,Ik kan over mijn problemen praten met mijn vrienden.,I can talk about my problems with my friends.,Puedo hablar de mis problemas con mis amigos.,Je peux parler de mes problèmes avec mes amis.,Ich kann mit meinen Freunden über meine Probleme sprechen.,Puedo hablar de mis problemas con mis amigos.,"For problems wey you get, you fit share them within your friend circle."
SelfDiscrim,parent_survey_family,You are threatened or harassed.,You are threatened or harassed.,Sie werden bedroht oder belästigt.,Sie werden bedroht oder belästigt.,Le amenazan o acosan.,Le amenazan o acosan.,Le amenazan o acosan.,Vous êtes menacé ou harcelé.,Vous êtes menacé ou harcelé.,U wordt bedreigd of lastiggevallen.,You are threatened or harassed.,Le amenazan o acosan.,Vous êtes menacé ou harcelé.,Sie werden bedroht oder belästigt.,Le amenazan o acosan.,You dey threatened or dey thrown into harassing situations.
SelfLifeChanges,parent_survey_family,Please select Yes or No to indicate whether each event has happened to you <b>in the past year</b>.,Please select Yes or No to indicate whether each event has happened to you <b>in the past year</b>.,"Bitte wählen Sie Ja oderNein, um anzugeben, ob Ihnen das jeweilige Ereignis im vergangenen Jahr widerfahren ist.","Bitte wählen Sie Ja oder Nein, um anzugeben, ob Ihnen das jeweilige Ereignis im vergangenen Jahr widerfahren ist.",Indique con Sí o No si le ha sucedido alguna de las siguientes cosas <b>en el último año</b>.,Indique con Sí o No si le ha sucedido alguna de las siguientes cosas <b>en el último año</b>.,Indique con Sí o No si le ha sucedido alguna de las siguientes cosas <b>en el último año</b>.,Veuillez sélectionner Oui ou Non pour indiquer si chaque événement vous est arrivé <b>l'année passée</b>.,Veuillez sélectionner Oui ou Non pour indiquer si chaque événement vous est arrivé <b>l'année passée</b>.,Selecteer Ja of Nee om aan te geven of elk evenement u is overkomen <b>in het afgelopen jaar</b>.,Please select Yes or No to indicate whether each event has happened to you <b>in the past year</b>.,Indique con Sí o No si le ha sucedido alguna de las siguientes cosas <b>en el último año</b>.,Veuillez sélectionner Oui ou Non pour indiquer si chaque événement vous est arrivé <b>l'année passée</b>.,"Bitte wählen Sie Ja oder Nein, um anzugeben, ob Ihnen das jeweilige Ereignis im vergangenen Jahr widerfahren ist.",Indique con Sí o No si le ha sucedido alguna de las siguientes cosas <b>en el último año</b>.,Do indicate through Yes or No whether each thing relate to your list of events for <b>last year</b>.
SelfLifeChangesHealth,parent_survey_family,Health:,Health:,Gesundheit:,Gesundheit:,Salud:,Salud:,Salud:,Santé :,Santé :,Gezondheid:,Health:,Salud:,Santé :,Gesundheit:,Salud:,Health:
SelfLifeChanges1,parent_survey_family,No,No,Nein,Nein,No,No,No,Non,Non,Nee,No,No,Non,Nein,No,No
SelfLifeChanges2,parent_survey_family,No,No,Nein,Nein,No,No,No,Non,Non,Nee,No,No,Non,Nein,No,No
SelfLifeChanges3,parent_survey_family,No,No,Nein,Nein,No,No,No,Non,Non,Nee,No,No,Non,Nein,No,No
SelfLifeChanges4,parent_survey_family,No,No,Nein,Nein,No,No,No,Non,Non,Nee,No,No,Non,Nein,No,No
SelfLifeChanges5,parent_survey_family,No,No,Nein,Nein,No,No,No,Non,Non,Nee,No,No,Non,Nein,No,No
SelfLifeChanges6,parent_survey_family,No,No,Nein,Nein,No,No,No,Non,Non,Nee,No,No,Non,Nein,No,No
SelfLifeChangesWork,parent_survey_family,Work:,Work:,Arbeit:,Arbeit:,Trabajo:,Trabajo:,Trabajo:,Travail :,Travail :,Werk:,Work:,Trabajo:,Travail :,Arbeit:,Trabajo:,Work:
SelfLifeChanges7,parent_survey_family,No,No,Nein,Nein,No,No,No,Non,Non,Nee,No,No,Non,Nein,No,No
SelfLifeChanges8,parent_survey_family,No,No,Nein,Nein,No,No,No,Non,Non,Nee,No,No,Non,Nein,No,No
SelfLifeChanges9,parent_survey_family,No,No,Nein,Nein,No,No,No,Non,Non,Nee,No,No,Non,Nein,No,No
SelfLifeChanges10,parent_survey_family,No,No,Nein,Nein,No,No,No,Non,Non,Nee,No,No,Non,Nein,No,No
SelfLifeChanges11,parent_survey_family,No,No,Nein,Nein,No,No,No,Non,Non,Nee,No,No,Non,Nein,No,No
SelfLifeChanges12,parent_survey_family,No,No,Nein,Nein,No,No,No,Non,Non,Nee,No,No,Non,Nein,No,No
SelfLifeChanges13,parent_survey_family,No,No,Nein,Nein,No,No,No,Non,Non,Nee,No,No,Non,Nein,No,No
SelfLifeChanges14,parent_survey_family,No,No,Nein,Nein,No,No,No,Non,Non,Nee,No,No,Non,Nein,No,No
SelfLifeChanges15,parent_survey_family,No,No,Nein,Nein,No,No,No,Non,Non,Nee,No,No,Non,Nein,No,No
SelfLifeChanges16,parent_survey_family,No,No,Nein,Nein,No,No,No,Non,Non,Nee,No,No,Non,Nein,No,No
SelfLifeChanges17,parent_survey_family,No,No,Nein,Nein,No,No,No,Non,Non,Nee,No,No,Non,Nein,No,No
SelfLifeChanges18,parent_survey_family,No,No,Nein,Nein,No,No,No,Non,Non,Nee,No,No,Non,Nein,No,No
SelfLifeChanges19,parent_survey_family,No,No,Nein,Nein,No,No,No,Non,Non,Nee,No,No,Non,Nein,No,No
SelfLifeChanges20,parent_survey_family,No,No,Nein,Nein,No,No,No,Non,Non,Nee,No,No,Non,Nein,No,No
SelfLifeChanges21,parent_survey_family,No,No,Nein,Nein,No,No,No,Non,Non,Nee,No,No,Non,Nein,No,No
SelfLifeChanges22,parent_survey_family,No,No,Nein,Nein,No,No,No,Non,Non,Nee,No,No,Non,Nein,No,No
SelfLifeChangesHome,parent_survey_family,Home and Family:,Home and Family:,Haus und Familie:,Haus und Familie:,Hogar y Familia:,Hogar y Familia:,Hogar y Familia:,Maison et Famille :,Maison et Famille :,Thuis en familie:,Home and Family:,Hogar y Familia:,Maison et Famille :,Haus und Familie:,Hogar y Familia:,Home and Family:
SelfLifeChanges23,parent_survey_family,No,No,Nein,Nein,No,No,No,Non,Non,Nee,No,No,Non,Nein,No,No
SelfLifeChanges24,parent_survey_family,No,No,Nein,Nein,No,No,No,Non,Non,Nee,No,No,Non,Nein,No,No
SelfLifeChanges25,parent_survey_family,No,No,Nein,Nein,No,No,No,Non,Non,Nee,No,No,Non,Nein,No,No
SelfLifeChanges26,parent_survey_family,No,No,Nein,Nein,No,No,No,Non,Non,Nee,No,No,Non,Nein,No,No
SelfLifeChanges27,parent_survey_family,No,No,Nein,Nein,No,No,No,Non,Non,Nee,No,No,Non,Nein,No,No
SelfLifeChanges28,parent_survey_family,No,No,Nein,Nein,No,No,No,Non,Non,Nee,No,No,Non,Nein,No,No
SelfLifeChanges29,parent_survey_family,No,No,Nein,Nein,No,No,No,Non,Non,Nee,No,No,Non,Nein,No,No
SelfLifeChanges31,parent_survey_family,No,No,Nein,Nein,No,No,No,Non,Non,Nee,No,No,Non,Nein,No,No
SelfLifeChanges32,parent_survey_family,No,No,Nein,Nein,No,No,No,Non,Non,Nee,No,No,Non,Nein,No,No
SelfLifeChanges33,parent_survey_family,No,No,Nein,Nein,No,No,No,Non,Non,Nee,No,No,Non,Nein,No,No
SelfLifeChanges34,parent_survey_family,No,No,Nein,Nein,No,No,No,Non,Non,Nee,No,No,Non,Nein,No,No
SelfLifeChanges35,parent_survey_family,No,No,Nein,Nein,No,No,No,Non,Non,Nee,No,No,Non,Nein,No,No
SelfLifeChanges36,parent_survey_family,No,No,Nein,Nein,No,No,No,Non,Non,Nee,No,No,Non,Nein,No,No
SelfLifeChanges37,parent_survey_family,No,No,Nein,Nein,No,No,No,Non,Non,Nee,No,No,Non,Nein,No,No
SelfLifeChanges38,parent_survey_family,No,No,Nein,Nein,No,No,No,Non,Non,Nee,No,No,Non,Nein,No,No
SelfLifeChanges39,parent_survey_family,No,No,Nein,Nein,No,No,No,Non,Non,Nee,No,No,Non,Nein,No,No
SelfLifeChanges40,parent_survey_family,No,No,Nein,Nein,No,No,No,Non,Non,Nee,No,No,Non,Nein,No,No
SelfLifeChanges41,parent_survey_family,No,No,Nein,Nein,No,No,No,Non,Non,Nee,No,No,Non,Nein,No,No
SelfLifeChanges42,parent_survey_family,No,No,Nein,Nein,No,No,No,Non,Non,Nee,No,No,Non,Nein,No,No
SelfLifeChanges43,parent_survey_family,No,No,Nein,Nein,No,No,No,Non,Non,Nee,No,No,Non,Nein,No,No
SelfLifeChanges44,parent_survey_family,No,No,Nein,Nein,No,No,No,Non,Non,Nee,No,No,Non,Nein,No,No
SelfLifeChanges45,parent_survey_family,No,No,Nein,Nein,No,No,No,Non,Non,Nee,No,No,Non,Nein,No,No
SelfLifeChanges46,parent_survey_family,No,No,Nein,Nein,No,No,No,Non,Non,Nee,No,No,Non,Nein,No,No
SelfLifeChanges47,parent_survey_family,No,No,Nein,Nein,No,No,No,Non,Non,Nee,No,No,Non,Nein,No,No
SelfLifeChanges48,parent_survey_family,No,No,Nein,Nein,No,No,No,Non,Non,Nee,No,No,Non,Nein,No,No
SelfLifeChanges49,parent_survey_family,No,No,Nein,Nein,No,No,No,Non,Non,Nee,No,No,Non,Nein,No,No
SelfLifeChangesPersonal,parent_survey_family,Personal and Social:,Personal and Social:,Persönlich und sozial:,Persönlich und sozial:,Personal y Social:,Personal y Social:,Personal y Social:,Personnel et Social :,Personnel et Social :,Persoonlijk en Sociaal:,Personal and Social:,Personal y Social:,Personnel et Social :,Persönlich und sozial:,Personal y Social:,Personal and Social:
SelfLifeChanges50,parent_survey_family,No,No,Nein,Nein,No,No,No,Non,Non,Nee,No,No,Non,Nein,No,No
SelfLifeChanges51,parent_survey_family,No,No,Nein,Nein,No,No,No,Non,Non,Nee,No,No,Non,Nein,No,No
SelfLifeChanges52,parent_survey_family,No,No,Nein,Nein,No,No,No,Non,Non,Nee,No,No,Non,Nein,No,No
SelfLifeChanges53,parent_survey_family,No,No,Nein,Nein,No,No,No,Non,Non,Nee,No,No,Non,Nein,No,No
SelfLifeChanges54,parent_survey_family,No,No,Nein,Nein,No,No,No,Non,Non,Nee,No,No,Non,Nein,No,No
SelfLifeChanges55,parent_survey_family,No,No,Nein,Nein,No,No,No,Non,Non,Nee,No,No,Non,Nein,No,No
SelfLifeChanges56,parent_survey_family,No,No,Nein,Nein,No,No,No,Non,Non,Nee,No,No,Non,Nein,No,No
SelfLifeChanges57,parent_survey_family,No,No,Nein,Nein,No,No,No,Non,Non,Nee,No,No,Non,Nein,No,No
SelfLifeChanges58,parent_survey_family,No,No,Nein,Nein,No,No,No,Non,Non,Nee,No,No,Non,Nein,No,No
SelfLifeChanges59,parent_survey_family,No,No,Nein,Nein,No,No,No,Non,Non,Nee,No,No,Non,Nein,No,No
SelfLifeChanges61,parent_survey_family,No,No,Nein,Nein,No,No,No,Non,Non,Nee,No,No,Non,Nein,No,No
SelfLifeChanges62,parent_survey_family,No,No,Nein,Nein,No,No,No,Non,Non,Nee,No,No,Non,Nein,No,No
SelfLifeChanges63,parent_survey_family,No,No,Nein,Nein,No,No,No,Non,Non,Nee,No,No,Non,Nein,No,No
SelfLifeChanges65,parent_survey_family,No,No,Nein,Nein,No,No,No,Non,Non,Nee,No,No,Non,Nein,No,No
SelfLifeChanges66,parent_survey_family,No,No,Nein,Nein,No,No,No,Non,Non,Nee,No,No,Non,Nein,No,No
SelfLifeChanges67,parent_survey_family,No,No,Nein,Nein,No,No,No,Non,Non,Nee,No,No,Non,Nein,No,No
SelfLifeChangesFinancial,parent_survey_family,Financial:,Financial:,Finanzen:,Finanzen:,Financiera:,Financiera:,Financiera:,Financier :,Financier :,Financieel:,Financial:,Financiera:,Financier :,Finanzen:,Financiera:,Finance:
SelfLifeChanges68,parent_survey_family,No,No,Nein,Nein,No,No,No,Non,Non,Nee,No,No,Non,Nein,No,No
SelfLifeChanges69,parent_survey_family,No,No,Nein,Nein,No,No,No,Non,Non,Nee,No,No,Non,Nein,No,No
SelfLifeChanges70,parent_survey_family,No,No,Nein,Nein,No,No,No,Non,Non,Nee,No,No,Non,Nein,No,No
SelfLifeChanges71,parent_survey_family,No,No,Nein,Nein,No,No,No,Non,Non,Nee,No,No,Non,Nein,No,No
SelfLifeChanges72,parent_survey_family,No,No,Nein,Nein,No,No,No,Non,Non,Nee,No,No,Non,Nein,No,No
SelfLifeChanges73,parent_survey_family,No,No,Nein,Nein,No,No,No,Non,Non,Nee,No,No,Non,Nein,No,No
SelfLifeChanges74,parent_survey_family,No,No,Nein,Nein,No,No,No,Non,Non,Nee,No,No,Non,Nein,No,No
SelfMcArthurCountry,parent_survey_family,"<b>Instructions:</b> Think of this line as representing where people stand in the <i>country where you live</i>. To the <b>right</b> are the people who are the best off - those who have the most money, the most education, and the most respected jobs. To the <b>left</b> are the people who are the worst off - those who have the least money, the least education, the least respected jobs, or no job. The further to the right you are on the line, the closer you are to the people at the very top; the further to the left you are, the closer you are to the people at the very bottom.<br><b>Where would you place yourself on this line?</b><br>Move the slider to where you think you stand at this time in your life relative to other people in your country.","<b>Instructions:</b> Think of this line as representing where people stand in the <i>country where you live</i>. To the <b>right</b> are the people who are the best off - those who have the most money, the most education, and the most respected jobs. To the <b>left</b> are the people who are the worst off - those who have the least money, the least education, the least respected jobs, or no job. The further to the right you are on the line, the closer you are to the people at the very top; the further to the left you are, the closer you are to the people at the very bottom.<br><b>Where would you place yourself on this line?</b><br>Move the slider to where you think you stand at this time in your life relative to other people in your country.","<b>Anweisungen:</b> Stellen Sie sich vor, dass diese Linie zeigt, wo sich die Menschen<i>in dem Land, in dem Sie leben, befinden</i>. Auf der <b>rechten</b> Seite befinden sich die Menschen, denen es am besten geht - diejenigen, die das meiste Geld, die beste Ausbildung und die angesehensten Arbeitsplätze haben. Auf der <b>linken</b> Seite befinden sich die Menschen, denen es am schlechtesten geht - diejenigen, die das wenigste Geld, die geringste Bildung, die am wenigsten angesehenen Arbeitsplätze oder gar keinen Arbeitsplatz haben.Je weiter rechts Sie sich auf der Linie befinden, desto näher sind Sie den Menschen ganz oben; je weiter links Sie sind, desto näher sind Sie den Menschen ganz unten.<br><b>Wo würden Sie sich selbst auf dieser Linie einordnen?</b><br>Bewegen Sie den Schieberegler dorthin, wo Sie Ihrer Meinung nach im Vergleich zu anderen Menschen in Ihrem Land derzeit stehen.","<b>Anweisungen:</b> Stellen Sie sich vor, dass diese Linie zeigt, wo sich die Menschen<i>in dem Land, in dem Sie leben, befinden</i>. Auf der <b>rechten</b> Seite befinden sich die Menschen, denen es am besten geht - diejenigen, die das meiste Geld, die beste Ausbildung und die angesehensten Arbeitsplätze haben. Auf der <b>linken</b> Seite befinden sich die Menschen, denen es am schlechtesten geht - diejenigen, die das wenigste Geld, die geringste Bildung, die am wenigsten angesehenen Arbeitsplätze oder gar keinen Arbeitsplatz haben.Je weiter rechts Sie sich auf der Linie befinden, desto näher sind Sie den Menschen ganz oben; je weiter links Sie sind, desto näher sind Sie den Menschen ganz unten.<br><b>Wo würden Sie sich selbst auf dieser Linie einordnen?</b><br>Bewegen Sie den Schieberegler dorthin, wo Sie Ihrer Meinung nach im Vergleich zu anderen Menschen in Ihrem Land derzeit stehen.","<b>Instrucciones:</b> Piense que esta línea representa la situación de la gente en <i>el país en el que vive</i>. <b>A la derecha</b> están las personas más acomodadas: las que tienen más dinero, más educación y los trabajos más respetados. <b>A la izquierda</b> están las personas que están en peor situación: las que tienen menos dinero, menos educación, los trabajos menos respetados o ningún trabajo. Cuanto más a la derecha se encuentre en la línea, más cerca estará de la gente que más tiene; cuanto más a la izquierda, más cerca estará de la gente que menos tiene.<br><b>¿Dónde se situaría usted en esta línea?</b><br>Mueva y ubique el círculo sobre la recta donde usted crea que encontrarse en este momento de su vida en relación con otras personas de su país.","<b>Instrucciones:</b> Piense que esta línea representa la situación de la gente en <i>el país en el que vive</i>. <b>A la derecha</b> están las personas más acomodadas: las que tienen más dinero, más educación y los trabajos más respetados. <b>A la izquierda</b> están las personas que están en peor situación: las que tienen menos dinero, menos educación, los trabajos menos respetados o ningún trabajo. Cuanto más a la derecha se encuentre en la línea, más cerca estará de la gente que más tiene; cuanto más a la izquierda, más cerca estará de la gente que menos tiene.<br><b>¿Dónde se situaría usted en esta línea?</b><br>Mueva y ubique el círculo sobre la recta donde usted crea que encontrarse en este momento de su vida en relación con otras personas de su país.","<b>Instrucciones:</b> Piense que esta línea representa la situación de la gente en <i>el país en el que vive</i>. <b>A la derecha</b> están las personas más acomodadas: las que tienen más dinero, más educación y los trabajos más respetados. <b>A la izquierda</b> están las personas que están en peor situación: las que tienen menos dinero, menos educación, los trabajos menos respetados o ningún trabajo. Cuanto más a la derecha se encuentre en la línea, más cerca estará de la gente que más tiene; cuanto más a la izquierda, más cerca estará de la gente que menos tiene.<br><b>¿Dónde se situaría usted en esta línea?</b><br>Mueva y ubique el círculo sobre la recta donde usted crea que encontrarse en este momento de su vida en relación con otras personas de su país.","<b>Instructions :</b> Imaginez que cette ligne représente l'endroit où les gens se situent dans le <i>pays où vous vivez</i>. À droite se trouvent les personnes les mieux loties - celles qui ont le plus d'argent, d'éducation et les emplois les plus respectés. À gauche se trouvent les personnes les plus désavantagées - celles qui ont le moins d'argent, d'éducation et les emplois les moins respectés, voire aucun emploi. Plus vous êtes à droite sur la ligne, plus vous êtes proche des personnes au sommet ; plus vous êtes à gauche, plus vous êtes proche des personnes en bas.<br><b>Où vous situez-vous sur cette ligne ?</b><br>Déplacez le curseur là où vous pensez vous situer à ce moment de votre vie par rapport aux autres personnes dans votre pays.","<b>Instructions :</b> Imaginez que cette ligne représente l'endroit où les gens se situent dans le <i>pays où vous vivez</i>. À droite se trouvent les personnes les mieux loties - celles qui ont le plus d'argent, d'éducation et les emplois les plus respectés. À gauche se trouvent les personnes les plus désavantagées - celles qui ont le moins d'argent, d'éducation et les emplois les moins respectés, voire aucun emploi. Plus vous êtes à droite sur la ligne, plus vous êtes proche des personnes au sommet ; plus vous êtes à gauche, plus vous êtes proche des personnes en bas.<br><b>Où vous situez-vous sur cette ligne ?</b><br>Déplacez le curseur là où vous pensez vous situer à ce moment de votre vie par rapport aux autres personnes dans votre pays.","<b>Instructies:</b> Stel je deze lijn voor als een weergave van waar mensen staan in het <i>land waar je woont</i>. Aan de <b>rechterkant</b> staan de mensen die het het best hebben - degenen die het meeste geld, de meeste opleiding en de meest gerespecteerde banen hebben. Aan de <b>linkerkant</b> staan de mensen die het slechter hebben - degenen die het minste geld, de minste opleiding en de minst gerespecteerde banen of geen baan hebben. Hoe verder u rechts op de lijn bent, hoe dichter u bij de mensen aan de top bent; hoe verder naar links u bent, hoe dichter u bij de mensen aan de onderkant bent.<br><b>Waar zou u uzelf op deze lijn plaatsen?</b><br>Verplaats de schuifregelaar naar waar u denkt dat u zich op dit moment in uw leven ten opzichte van andere mensen in uw land bevindt.","<b>Instructions:</b> Think of this line as representing where people stand in the <i>country where you live</i>. To the <b>right</b> are the people who are the best off - those who have the most money, the most education, and the most respected jobs. To the <b>left</b> are the people who are the worst off - those who have the least money, the least education, the least respected jobs, or no job. The further to the right you are on the line, the closer you are to the people at the very top; the further to the left you are, the closer you are to the people at the very bottom.<br><b>Where would you place yourself on this line?</b><br>Move the slider to where you think you stand at this time in your life relative to other people in your country.","<b>Instrucciones:</b> Piense que esta línea representa la situación de la gente en <i>el país en el que vive</i>. <b>A la derecha</b> están las personas más acomodadas: las que tienen más dinero, más educación y los trabajos más respetados. <b>A la izquierda</b> están las personas que están en peor situación: las que tienen menos dinero, menos educación, los trabajos menos respetados o ningún trabajo. Cuanto más a la derecha se encuentre en la línea, más cerca estará de la gente que más tiene; cuanto más a la izquierda, más cerca estará de la gente que menos tiene.<br><b>¿Dónde se situaría usted en esta línea?</b><br>Mueva y ubique el círculo sobre la recta donde usted crea que encontrarse en este momento de su vida en relación con otras personas de su país.","<b>Instructions :</b> Imaginez que cette ligne représente l'endroit où les gens se situent dans le <i>pays où vous vivez</i>. À droite se trouvent les personnes les mieux loties - celles qui ont le plus d'argent, d'éducation et les emplois les plus respectés. À gauche se trouvent les personnes les plus désavantagées - celles qui ont le moins d'argent, d'éducation et les emplois les moins respectés, voire aucun emploi. Plus vous êtes à droite sur la ligne, plus vous êtes proche des personnes au sommet ; plus vous êtes à gauche, plus vous êtes proche des personnes en bas.<br><b>Où vous situez-vous sur cette ligne ?</b><br>Déplacez le curseur là où vous pensez vous situer à ce moment de votre vie par rapport aux autres personnes dans votre pays.","<b>Anweisungen:</b> Stellen Sie sich vor, dass diese Linie zeigt, wo sich die Menschen<i>in dem Land, in dem Sie leben, befinden</i>. Auf der <b>rechten</b> Seite befinden sich die Menschen, denen es am besten geht - diejenigen, die das meiste Geld, die beste Ausbildung und die angesehensten Arbeitsplätze haben. Auf der <b>linken</b> Seite befinden sich die Menschen, denen es am schlechtesten geht - diejenigen, die das wenigste Geld, die geringste Bildung, die am wenigsten angesehenen Arbeitsplätze oder gar keinen Arbeitsplatz haben.Je weiter rechts Sie sich auf der Linie befinden, desto näher sind Sie den Menschen ganz oben; je weiter links Sie sind, desto näher sind Sie den Menschen ganz unten.<br><b>Wo würden Sie sich selbst auf dieser Linie einordnen?</b><br>Bewegen Sie den Schieberegler dorthin, wo Sie Ihrer Meinung nach im Vergleich zu anderen Menschen in Ihrem Land derzeit stehen.","<b>Instrucciones:</b> Piense que esta línea representa la situación de la gente en <i>el país en el que vive</i>. <b>A la derecha</b> están las personas más acomodadas: las que tienen más dinero, más educación y los trabajos más respetados. <b>A la izquierda</b> están las personas que están en peor situación: las que tienen menos dinero, menos educación, los trabajos menos respetados o ningún trabajo. Cuanto más a la derecha se encuentre en la línea, más cerca estará de la gente que más tiene; cuanto más a la izquierda, más cerca estará de la gente que menos tiene.<br><b>¿Dónde se situaría usted en esta línea?</b><br>Mueva y ubique el círculo sobre la recta donde usted crea que encontrarse en este momento de su vida en relación con otras personas de su país.","<b>Instructions:</b> You for picture that line as show wey people dey stand for the <i>country weh you live</i>. On the <b>right</b> dey people who dey feel themselves the most — most cash, most degree, job wey dey respect pass. Na the ones wey dey the <b>left</b> that dey struggle pass — least cash, least learning, no job. If you go further right on the line, you go close to top dogs; you go further left, you dey nears the bottom ones.<br><b>Which location you go rate yourself?</b><br>Make slide like the position wey you dey feel yourself at this place in living as one compared to others for your nation."
SelfMcArthurCommunity,parent_survey_family,<b>Instructions:</b> Think of this line as representing where people stand in their <i>communities</i>. People define community in different ways; please define it in whatever way is most meaningful to you. To the <b>right</b> are people who have the highest standing in their community. To the <b>left</b> are the people who have the lowest standing in their community.<br><b>Where would you place yourself on this line?</b><br>Move the slider to where you think you stand at this time in your life relative to other people in your community.,<b>Instructions:</b> Think of this line as representing where people stand in their <i>communities</i>. People define community in different ways; please define it in whatever way is most meaningful to you. To the <b>right</b> are people who have the highest standing in their community. To the <b>left</b> are the people who have the lowest standing in their community.<br><b>Where would you place yourself on this line?</b><br>Move the slider to where you think you stand at this time in your life relative to other people in your community.,"<b>Anweisungen:</b> Stellen Sie sich vor, dass diese Linie zeigt, wo die Menschen in ihren <i>Gemeinschaften</i> stehen. Menschen definieren Gemeinschaft auf unterschiedliche Weise; bitte definieren Sie sie so, wie es für Sie am sinnvollsten ist. Auf der <b>rechten</b> Seite stehen die Menschen, die den höchsten Stellenwert in ihrer Gemeinschaft haben. Auf der <b>linken</b> Seite befinden sich die Menschen, die den niedrigsten Stellenwert in ihrer Gemeinschaft haben.<br><b>Wo würden Sie sich auf dieser Linie einordnen?</b><br>Bewegen Sie den Schieberegler dorthin, wo Sie Ihrer Meinung nach im Vergleich zu den anderen Menschen in Ihrer Gemeinschaft stehen.","<b>Anweisungen:</b> Stellen Sie sich vor, dass diese Linie zeigt, wo die Menschen in ihren <i>Gemeinschaften</i> stehen. Menschen definieren Gemeinschaft auf unterschiedliche Weise; bitte definieren Sie sie so, wie es für Sie am sinnvollsten ist. Auf der <b>rechten</b> Seite stehen die Menschen, die den höchsten Stellenwert in ihrer Gemeinschaft haben. Auf der <b>linken</b> Seite befinden sich die Menschen, die den niedrigsten Stellenwert in ihrer Gemeinschaft haben.<br><b>Wo würden Sie sich auf dieser Linie einordnen?</b><br>Bewegen Sie den Schieberegler dorthin, wo Sie Ihrer Meinung nach im Vergleich zu den anderen Menschen in Ihrer Gemeinschaft stehen.","<b>Instrucciones:</b> Piense que esta línea representa la posición de las personas en sus <i>comunidades</i>. La gente define la comunidad de distintas maneras; por favor, piense en la definición que a usted le resulte más significativa. <b>A la derecha</b> están las personas que gozan de mayor prestigio en su comunidad. <b>A la izquierda</> están las personas que tienen menor prestigio en su comunidad.<br><b>¿Dónde se situaría en esta línea?</b><br>Mueve y ubique el círculo sobre la recta donde usted creas que encontrarse en este momento de su vida en relación con otras personas de su comunidad.","<b>Instrucciones:</b> Piense que esta línea representa la posición de las personas en sus <i>comunidades</i>. La gente define la comunidad de distintas maneras; por favor, piense en la definición que a usted le resulte más significativa. <b>A la derecha</b> están las personas que gozan de mayor prestigio en su comunidad. <b>A la izquierda</> están las personas que tienen menor prestigio en su comunidad.<br><b>¿Dónde se situaría en esta línea?</b><br>Mueve y ubique el círculo sobre la recta donde usted creas que encontrarse en este momento de su vida en relación con otras personas de su comunidad.","<b>Instrucciones:</b> Piense que esta línea representa la posición de las personas en sus <i>comunidades</i>. La gente define la comunidad de distintas maneras; por favor, piense en la definición que a usted le resulte más significativa. <b>A la derecha</b> están las personas que gozan de mayor prestigio en su comunidad. <b>A la izquierda</> están las personas que tienen menor prestigio en su comunidad.<br><b>¿Dónde se situaría en esta línea?</b><br>Mueve y ubique el círculo sobre la recta donde usted creas que encontrarse en este momento de su vida en relación con otras personas de su comunidad.",<b>Instructions :</b> Imaginez cette ligne comme représentant l'endroit où les gens se situent dans leurs <i>communautés</i>. Les gens définissent la communauté de différentes manières ; veuillez la définir de la manière qui vous semble la plus significative. À droite se trouvent les personnes qui ont la plus haute position dans leur communauté. À gauche se trouvent les personnes ayant le statut le plus bas dans leur communauté.<br><b>Où vous situez-vous sur cette ligne ?</b><br>Déplacez le curseur à l'endroit où vous pensez être à ce moment de votre vie par rapport aux autres personnes de votre communauté.,<b>Instructions :</b> Imaginez cette ligne comme représentant l'endroit où les gens se situent dans leurs <i>communautés</i>. Les gens définissent la communauté de différentes manières ; veuillez la définir de la manière qui vous semble la plus significative. À droite se trouvent les personnes qui ont la plus haute position dans leur communauté. À gauche se trouvent les personnes ayant le statut le plus bas dans leur communauté.<br><b>Où vous situez-vous sur cette ligne ?</b><br>Déplacez le curseur à l'endroit où vous pensez être à ce moment de votre vie par rapport aux autres personnes de votre communauté.,<b>Instructies:</b> Stel je deze lijn voor als een weergave van waar mensen staan in hun <i>gemeenschappen</i>. Mensen definiëren gemeenschap op verschillende manieren; definieer het op welke manier het meest betekenisvol voor jou is. Aan de <b>rechterkant</b> zijn de mensen die de hoogste status in hun gemeenschap hebben. Aan de <b>linkerkant</b> zijn de mensen die de laagste status in hun gemeenschap hebben.<br><b>Waar zou u uzelf op deze lijn plaatsen?</b><br>Verplaats de schuifregelaar naar waar u denkt dat u zich op dit moment in uw leven ten opzichte van andere mensen in uw gemeenschap bevindt.,<b>Instructions:</b> Think of this line as representing where people stand in their <i>communities</i>. People define community in different ways; please define it in whatever way is most meaningful to you. To the <b>right</b> are people who have the highest standing in their community. To the <b>left</b> are the people who have the lowest standing in their community.<br><b>Where would you place yourself on this line?</b><br>Move the slider to where you think you stand at this time in your life relative to other people in your community.,"<b>Instrucciones:</b> Piense que esta línea representa la posición de las personas en sus <i>comunidades</i>. La gente define la comunidad de distintas maneras; por favor, piense en la definición que a usted le resulte más significativa. <b>A la derecha</b> están las personas que gozan de mayor prestigio en su comunidad. <b>A la izquierda</> están las personas que tienen menor prestigio en su comunidad.<br><b>¿Dónde se situaría en esta línea?</b><br>Mueve y ubique el círculo sobre la recta donde usted creas que encontrarse en este momento de su vida en relación con otras personas de su comunidad.",<b>Instructions :</b> Imaginez cette ligne comme représentant l'endroit où les gens se situent dans leurs <i>communautés</i>. Les gens définissent la communauté de différentes manières ; veuillez la définir de la manière qui vous semble la plus significative. À droite se trouvent les personnes qui ont la plus haute position dans leur communauté. À gauche se trouvent les personnes ayant le statut le plus bas dans leur communauté.<br><b>Où vous situez-vous sur cette ligne ?</b><br>Déplacez le curseur à l'endroit où vous pensez être à ce moment de votre vie par rapport aux autres personnes de votre communauté.,"<b>Anweisungen:</b> Stellen Sie sich vor, dass diese Linie zeigt, wo die Menschen in ihren <i>Gemeinschaften</i> stehen. Menschen definieren Gemeinschaft auf unterschiedliche Weise; bitte definieren Sie sie so, wie es für Sie am sinnvollsten ist. Auf der <b>rechten</b> Seite stehen die Menschen, die den höchsten Stellenwert in ihrer Gemeinschaft haben. Auf der <b>linken</b> Seite befinden sich die Menschen, die den niedrigsten Stellenwert in ihrer Gemeinschaft haben.<br><b>Wo würden Sie sich auf dieser Linie einordnen?</b><br>Bewegen Sie den Schieberegler dorthin, wo Sie Ihrer Meinung nach im Vergleich zu den anderen Menschen in Ihrer Gemeinschaft stehen.","<b>Instrucciones:</b> Piense que esta línea representa la posición de las personas en sus <i>comunidades</i>. La gente define la comunidad de distintas maneras; por favor, piense en la definición que a usted le resulte más significativa. <b>A la derecha</b> están las personas que gozan de mayor prestigio en su comunidad. <b>A la izquierda</> están las personas que tienen menor prestigio en su comunidad.<br><b>¿Dónde se situaría en esta línea?</b><br>Mueve y ubique el círculo sobre la recta donde usted creas que encontrarse en este momento de su vida en relación con otras personas de su comunidad.",<b>Instructions:</b> This line dey represent where people relate to in their <i>communities</i>. People see community in different scopes; use any that strike real to you. On the <b>right</b> dey people with high regard in community. On the <b>left</b> dey people wey low rate in community.<br><b>Which location you fit place yourself now?</b><br>Use slider to place where you stand at this moment in this world as relative to different heads for your place.
unknown,parent_survey_family,Finish,Finish,Beenden,,Terminar,,,,,Afsluiten,Finish,Terminar,Terminer,Beenden,Terminar,Finish